batsman,Chennai Super Kings,Deccan Chargers,Delhi Capitals,Delhi Daredevils,Gujarat Lions,Kings XI Punjab,Kochi Tuskers Kerala,Kolkata Knight Riders,Mumbai Indians,Pune Warriors,Rajasthan Royals,Rising Pune Supergiant,Rising Pune Supergiants,Royal Challengers Bangalore,Sunrisers Hyderabad
A Ashish Reddy,45.0,,,36.0,,37.0,,17.0,27.0,26.0,37.0,,,55.0,
A Chandila,,0.0,,,,,,,,,,,,4.0,
A Chopra,,35.0,,13.0,,2.0,,,1.0,,,,,2.0,
A Choudhary,,,,,15.0,4.0,,,,,,,,,6.0
A Dananjaya,,,,4.0,,,,,,,,,,,
A Flintoff,,,,16.0,,,,,24.0,,,,,22.0,
A Hales,2.0,,,62.0,,,,,,,45.0,,,43.0,
A Joseph,,,,,,15.0,,,,,,,,,
A Kumble,3.0,4.0,,2.0,,9.0,,,9.0,,8.0,,,,
A Mishra,58.0,6.0,,22.0,8.0,27.0,0.0,62.0,93.0,30.0,30.0,13.0,,17.0,2.0
A Mithun,11.0,,,5.0,,16.0,,2.0,,,,,,,
A Mukund,,,,,,,,,,,19.0,,,,
A Nehra,1.0,22.0,,1.0,,6.0,,1.0,1.0,,9.0,,,0.0,0.0
A Singh,1.0,,,0.0,,,,1.0,0.0,,,,,,
A Symonds,131.0,52.0,,170.0,,154.0,,100.0,22.0,19.0,201.0,,,125.0,
A Turner,,,0.0,,,1.0,,,0.0,,,,,,3.0
A Uniyal,,,,4.0,,,,,0.0,,,,,,
A Zampa,,,,5.0,,,,,,,,,,,0.0
AA Bilakhia,12.0,,,32.0,,,,,,,3.0,,,22.0,
AA Chavan,,,,7.0,,,1.0,,4.0,,,,,,
AA Jhunjhunwala,19.0,11.0,,59.0,,19.0,,45.0,46.0,,,,,18.0,
AA Noffke,,,,,,,,9.0,,,,,,,
AB Agarkar,23.0,15.0,,56.0,,10.0,,,24.0,,39.0,,,12.0,
AB Barath,,7.0,,2.0,,,,,33.0,,,,,,
AB Dinda,2.0,2.0,,7.0,,4.0,,,3.0,,1.0,,,7.0,0.0
AB McDonald,8.0,,,30.0,,17.0,,,33.0,,14.0,,,21.0,
AB de Villiers,479.0,153.0,35.0,411.0,233.0,685.0,54.0,364.0,660.0,149.0,582.0,32.0,84.0,115.0,392.0
AC Blizzard,,1.0,,37.0,,15.0,,51.0,,6.0,,,,10.0,
AC Gilchrist,255.0,112.0,,321.0,,141.0,9.0,271.0,234.0,50.0,255.0,,,369.0,52.0
AC Thomas,1.0,12.0,,,,,,,0.0,,,,,7.0,
AC Voges,20.0,,,15.0,,45.0,,45.0,28.0,,,,,28.0,
AD Mascarenhas,8.0,,,12.0,,4.0,,36.0,9.0,5.0,,,,0.0,5.0
AD Mathews,81.0,69.0,,106.0,,57.0,,126.0,51.0,,96.0,,,64.0,74.0
AD Nath,24.0,,19.0,,,3.0,,14.0,14.0,,9.0,,,3.0,5.0
AD Russell,227.0,,118.0,109.0,,252.0,,4.0,158.0,,122.0,,17.0,334.0,104.0
AF Milne,,,,,,,,,0.0,,,7.0,,,
AG Murtaza,,,,,,,,3.0,,,2.0,,,5.0,
AG Paunikar,,20.0,,5.0,,,,24.0,,,,,,0.0,
AJ Finch,139.0,0.0,,285.0,,203.0,,252.0,217.0,25.0,141.0,46.0,50.0,242.0,144.0
AJ Tye,3.0,,,8.0,,22.0,,17.0,25.0,,1.0,,,14.0,4.0
AL Menaria,46.0,42.0,,25.0,,68.0,31.0,89.0,45.0,47.0,,,,8.0,
AM Nayar,147.0,99.0,,42.0,,94.0,,13.0,31.0,36.0,92.0,,,95.0,23.0
AM Rahane,273.0,50.0,110.0,677.0,78.0,455.0,8.0,479.0,579.0,173.0,3.0,,,590.0,375.0
AN Ahmed,8.0,,,,,,,5.0,1.0,,,,,18.0,4.0
AN Ghosh,,,,,,,,,0.0,,,,,7.0,
AP Dole,,4.0,,,,,,,30.0,,,,,,
AP Majumdar,,,,,,,,17.0,,,39.0,,,31.0,
AP Tare,39.0,,,39.0,,45.0,,34.0,0.0,,123.0,0.0,8.0,44.0,7.0
AR Bawne,,,,,,,,12.0,,,,,,,
AR Patel,79.0,,,148.0,40.0,1.0,,70.0,86.0,,50.0,46.0,1.0,155.0,130.0
AS Rajpoot,2.0,,,,,,,,6.0,,,,,1.0,9.0
AS Raut,28.0,37.0,,11.0,,27.0,,34.0,20.0,,,,,37.0,
AS Yadav,233.0,,28.0,77.0,,117.0,,181.0,,,187.0,,,94.0,94.0
AT Rayudu,320.0,108.0,32.0,449.0,20.0,350.0,53.0,352.0,115.0,92.0,335.0,22.0,44.0,583.0,451.0
AUK Pathan,14.0,4.0,,,,9.0,12.0,,0.0,,,,,,
Abdur Razzak,,,,,,,,,,,0.0,,,,
Anirudh Singh,,,,,,0.0,,14.0,,,9.0,,,40.0,
Ankit Sharma,47.0,,2.0,1.0,25.0,7.0,,1.0,24.0,,,,,57.0,
Ankit Soni,,,,,,,,,7.0,,,0.0,,,0.0
Anureet Singh,10.0,,,8.0,,,,4.0,,,0.0,,,0.0,15.0
Avesh Khan,,,,,,4.0,,,,,,,,,
Azhar Mahmood,35.0,45.0,,54.0,,,,2.0,99.0,0.0,53.0,,,96.0,4.0
B Akhil,8.0,27.0,,24.0,,,,0.0,8.0,,9.0,,,,
B Chipli,35.0,10.0,,33.0,,14.0,4.0,60.0,18.0,39.0,6.0,,,61.0,
B Kumar,35.0,8.0,2.0,14.0,,9.0,,37.0,33.0,,8.0,0.0,22.0,19.0,3.0
B Laughlin,0.0,,,,,,,,4.0,,,,,,1.0
B Lee,6.0,14.0,,27.0,,,2.0,7.0,29.0,,30.0,,,9.0,
B Stanlake,,,,,,,,,5.0,,,,,,
B Sumanth,16.0,,,7.0,,6.0,,,,,,,,6.0,
BA Bhatt,,0.0,,,,,,6.0,,,,,,,
BA Stokes,133.0,,8.0,53.0,128.0,83.0,,60.0,80.0,,,,,32.0,70.0
BAW Mendis,,,,,,,,,0.0,,,,,3.0,
BB McCullum,236.0,36.0,,305.0,,277.0,,351.0,477.0,83.0,159.0,94.0,92.0,569.0,214.0
BB Samantray,,,,,,10.0,,5.0,,39.0,69.0,,,2.0,
BB Sran,,,,2.0,,,,6.0,,,,,1.0,,2.0
BCJ Cutting,,,5.0,45.0,8.0,22.0,,40.0,20.0,,24.0,,,67.0,9.0
BE Hendricks,1.0,,,,,,,,0.0,,,,,,
BJ Haddin,,,,,,,,,,,,,,18.0,
BJ Hodge,186.0,140.0,,89.0,,188.0,,139.0,262.0,79.0,89.0,,,165.0,63.0
BJ Rohrer,4.0,,,,,49.0,,10.0,,20.0,64.0,,,46.0,
BMAJ Mendis,12.0,,,,,,,,0.0,,,,,,11.0
BR Dunk,,,,,,5.0,,,,,,,,15.0,20.0
Basil Thampi,,,1.0,,,11.0,,,5.0,,,2.0,,0.0,13.0
Bipul Sharma,7.0,8.0,,,27.0,,,66.0,7.0,35.0,19.0,8.0,5.0,5.0,
C Ingram,3.0,,,,,58.0,,24.0,47.0,,15.0,,,34.0,6.0
C Madan,,,,15.0,,,,,,,,,,,
C Munro,53.0,,,,,4.0,,33.0,8.0,,0.0,,,,82.0
C Nanda,,,,,,,,,,,0.0,,,,
C de Grandhomme,23.0,,,7.0,,11.0,,14.0,56.0,,2.0,36.0,,31.0,133.0
CA Ingram,7.0,,,,,,,,1.0,13.0,,,,,
CA Lynn,119.0,,20.0,36.0,93.0,255.0,,,211.0,,121.0,,,231.0,222.0
CA Pujara,15.0,52.0,,35.0,,70.0,,19.0,19.0,,114.0,,,31.0,35.0
CH Gayle,380.0,67.0,69.0,383.0,100.0,797.0,44.0,651.0,651.0,383.0,430.0,,,221.0,384.0
CH Morris,16.0,,,13.0,82.0,68.0,,44.0,84.0,5.0,19.0,38.0,38.0,41.0,72.0
CJ Anderson,83.0,,,28.0,24.0,97.0,,77.0,10.0,,145.0,5.0,,27.0,42.0
CJ Ferguson,,26.0,,,,9.0,,28.0,12.0,,23.0,,,,
CJ Jordan,,,,,,,,0.0,,,,,,,3.0
CJ McKay,,,,8.0,,,,,,,,,,,
CK Kapugedera,,,,8.0,,,,,0.0,,8.0,,,,
CK Langeveldt,,,,0.0,,8.0,,,,,,,,,
CL White,136.0,48.0,,105.0,,132.0,31.0,95.0,100.0,162.0,42.0,,,120.0,
CM Gautam,20.0,,,22.0,,45.0,,15.0,,30.0,2.0,,,30.0,5.0
CR Brathwaite,69.0,,6.0,,11.0,12.0,,52.0,,,6.0,,20.0,2.0,10.0
CR Woakes,,,,3.0,,9.0,,5.0,20.0,,0.0,1.0,,18.0,7.0
CRD Fernando,2.0,,,,,2.0,,,,,,,,,
D Kalyankrishna,,,,,,3.0,,,,,,,,,
D Salunkhe,,1.0,,26.0,,6.0,,,,,,,,,
D Shorey,,,,,,,,,8.0,,,,,8.0,
D Short,,,,50.0,,2.0,,45.0,9.0,,,,,12.0,5.0
D Wiese,51.0,,,5.0,,4.0,,9.0,47.0,,11.0,,,,
D du Preez,,,,,,,,,,,10.0,,,,
DA Miller,256.0,28.0,58.0,274.0,46.0,,,200.0,240.0,80.0,210.0,30.0,14.0,253.0,186.0
DA Warner,448.0,226.0,65.0,268.0,336.0,833.0,16.0,835.0,482.0,118.0,342.0,83.0,11.0,670.0,8.0
DAJ Bracewell,,,,,,,,,,,,,,12.0,
DB Das,76.0,9.0,,37.0,,41.0,,,64.0,23.0,54.0,,,,
DB Ravi Teja,40.0,,,38.0,,80.0,8.0,64.0,55.0,34.0,41.0,,,15.0,
DE Bollinger,,2.0,,16.0,,,,,3.0,,,,,,
DH Yagnik,25.0,9.0,,,,10.0,,26.0,81.0,12.0,,,,7.0,0.0
DJ Bravo,47.0,178.0,8.0,133.0,,206.0,,149.0,287.0,18.0,198.0,,29.0,160.0,85.0
DJ Harris,15.0,,,19.0,,30.0,,,,,,,,47.0,
DJ Hooda,57.0,,20.0,74.0,22.0,119.0,,67.0,95.0,,0.0,19.0,15.0,40.0,7.0
DJ Hussey,82.0,250.0,,146.0,,98.0,21.0,90.0,203.0,30.0,125.0,,,205.0,72.0
DJ Jacobs,,32.0,,1.0,,10.0,12.0,,,,15.0,,,22.0,
DJ Muthuswami,,,,,,,,,,,,,,1.0,
DJ Thornely,,8.0,,30.0,,,,1.0,,,,,,0.0,
DJG Sammy,49.0,,,18.0,,15.0,,60.0,11.0,,118.0,,,18.0,6.0
DL Chahar,,,,15.0,,40.0,,,8.0,,,,,,10.0
DL Vettori,3.0,3.0,,21.0,,5.0,,36.0,,,30.0,,,23.0,
DM Bravo,,,,,,,,,,,,6.0,,,
DNT Zoysa,,,,,,1.0,,,10.0,,,,,,
DP Nannes,,1.0,,,,,,,3.0,,,,,,
DP Vijaykumar,,,,1.0,,,,,,,,,,,
DPMD Jayawardene,195.0,219.0,,120.0,,183.0,,451.0,261.0,53.0,163.0,,,140.0,23.0
DR Martyn,,,,,,,,,,,,,,19.0,
DR Smith,233.0,,,319.0,,249.0,,187.0,344.0,0.0,355.0,47.0,63.0,275.0,313.0
DS Kulkarni,38.0,7.0,,1.0,,15.0,,3.0,6.0,,1.0,,,16.0,14.0
DS Lehmann,,,,1.0,,17.0,,,,,,,,,
DT Christian,32.0,,,57.0,17.0,92.0,9.0,51.0,99.0,24.0,55.0,,,1.0,11.0
DT Patil,,,,,,4.0,,,,,9.0,,,,
DW Steyn,20.0,0.0,,19.0,,15.0,,22.0,33.0,15.0,38.0,,,3.0,1.0
E Lewis,87.0,,,104.0,,21.0,,77.0,,,64.0,,,75.0,36.0
EJG Morgan,78.0,14.0,,100.0,,159.0,76.0,66.0,63.0,15.0,141.0,4.0,0.0,43.0,95.0
ER Dwivedi,,,,,,,,,,,,,,19.0,5.0
F Behardien,,,,,,,,,,,,,5.0,9.0,
F du Plessis,,81.0,92.0,144.0,69.0,368.0,,191.0,238.0,101.0,155.0,,,215.0,220.0
FH Edwards,,,,,,,,,1.0,,,,,3.0,
FY Fazal,21.0,44.0,,0.0,,45.0,16.0,47.0,10.0,,,,,,
G Gambhir,429.0,225.0,,413.0,122.0,735.0,3.0,155.0,467.0,182.0,423.0,86.0,11.0,648.0,324.0
GB Hogg,2.0,,,,,5.0,,,2.0,,,,,13.0,
GC Smith,158.0,112.0,,123.0,,79.0,24.0,41.0,56.0,,,,,146.0,
GD McGrath,,,,,,,,,0.0,,4.0,,,,
GH Vihari,13.0,,,28.0,,60.0,,13.0,82.0,12.0,24.0,,,48.0,
GJ Bailey,71.0,,,52.0,,24.0,,173.0,136.0,,50.0,,,50.0,107.0
GJ Maxwell,216.0,,,45.0,53.0,12.0,,330.0,246.0,13.0,143.0,44.0,32.0,98.0,171.0
GR Napier,,,,,,,,15.0,,,,,,,
Gurkeerat Singh,46.0,29.0,29.0,34.0,0.0,,,54.0,8.0,,39.0,,51.0,40.0,116.0
H Brar,,,22.0,,,,,,,,,,,,
H Das,,,,,,,,,2.0,,,,,,
H Gurney,1.0,,,,,,,,,,,,,,
H Klaasen,7.0,,3.0,,,,,18.0,0.0,,7.0,,,33.0,
H Vihari,,,,,,2.0,,2.0,,,,,,,
H Viljoen,,,6.0,,,,,,,,,,,0.0,
HH Gibbs,150.0,,,53.0,,113.0,,224.0,102.0,,52.0,,,192.0,
HH Pandya,137.0,,32.0,91.0,19.0,140.0,,253.0,,,97.0,72.0,9.0,199.0,69.0
HM Amla,,,,36.0,169.0,,,25.0,104.0,,,28.0,30.0,89.0,96.0
HV Patel,38.0,5.0,,0.0,,7.0,,19.0,6.0,,6.0,,,,27.0
Harbhajan Singh,171.0,86.0,,99.0,11.0,139.0,,74.0,10.0,29.0,66.0,7.0,45.0,67.0,30.0
Harmeet Singh,0.0,,,,,,,14.0,,,1.0,,,,3.0
Harpreet Singh,,,,,,,,6.0,,,13.0,,,1.0,
I Malhotra,,,,7.0,,,,,,,,,,,
I Sharma,21.0,9.0,,,,0.0,,1.0,11.0,,5.0,1.0,,0.0,7.0
I Sodhi,,,9.0,,,,,1.0,,,,,,,
IC Pandey,,,,,,,,,,,,,,0.0,
IK Pathan,206.0,110.0,,70.0,,52.0,18.0,231.0,91.0,57.0,133.0,,,146.0,36.0
IR Jaggi,,,,,,,,6.0,30.0,10.0,25.0,,,,5.0
Imran Tahir,2.0,,,0.0,,4.0,,,7.0,,4.0,,,3.0,
Iqbal Abdulla,3.0,,,7.0,33.0,,12.0,,26.0,,1.0,,,,6.0
Ishan Kishan,99.0,,,92.0,,121.0,,67.0,59.0,,75.0,31.0,0.0,76.0,91.0
J Archer,37.0,,,,,3.0,,34.0,10.0,,,,,0.0,1.0
J Arunkumar,,,,,,1.0,,22.0,,,0.0,,,,
J Bairstow,63.0,,96.0,,,5.0,,124.0,16.0,,49.0,,,115.0,
J Botha,57.0,84.0,,93.0,,17.0,14.0,33.0,49.0,19.0,2.0,,,19.0,22.0
J Denly,,,0.0,,,,,,,,,,,,
J Searles,,,,,,6.0,,,,,2.0,,,,
J Suchith,7.0,,,,,34.0,,,,,0.0,,,4.0,9.0
J Syed Mohammad,2.0,4.0,,14.0,,,,,9.0,,,,,,
J Theron,0.0,,,,,7.0,,,1.0,,2.0,,,,
J Yadav,,,,,,,,,,,,,1.0,5.0,
JA Morkel,81.0,138.0,,80.0,,112.0,22.0,106.0,39.0,16.0,254.0,,,127.0,
JC Buttler,150.0,,,148.0,85.0,348.0,,191.0,192.0,,,55.0,27.0,186.0,49.0
JD Ryder,116.0,60.0,,146.0,,95.0,17.0,45.0,21.0,,19.0,,,85.0,
JD Unadkat,17.0,,,,,7.0,,27.0,,,,,,2.0,2.0
JDP Oram,,41.0,,3.0,,30.0,0.0,,13.0,,3.0,,,16.0,
JDS Neesham,22.0,,,,,12.0,,8.0,,,,,,,
JE Taylor,3.0,,,,,,,,,,,,,,
JEC Franklin,39.0,20.0,,,,101.0,,74.0,,63.0,13.0,,,17.0,
JH Kallis,320.0,292.0,,338.0,,266.0,51.0,136.0,475.0,17.0,247.0,,,220.0,65.0
JJ Bumrah,,,,0.0,0.0,2.0,,,,,,16.0,,2.0,17.0
JJ Roy,,,,,,,,16.0,107.0,,,,,20.0,43.0
JJ van der Wath,14.0,0.0,,,,4.0,,,,,,,,,
JM Kemp,,22.0,,4.0,,,,,,,,,,,
JO Holder,,,,0.0,13.0,,,16.0,,,,,,,9.0
JP Duminy,148.0,99.0,,102.0,61.0,170.0,,248.0,261.0,83.0,278.0,,48.0,436.0,107.0
JP Faulkner,22.0,,,92.0,,122.0,,14.0,100.0,25.0,11.0,6.0,9.0,53.0,73.0
JR Hopes,95.0,34.0,,4.0,,7.0,,56.0,55.0,13.0,67.0,,,86.0,
Jaskaran Singh,,,,,,3.0,,4.0,1.0,,,,,,
Joginder Sharma,,16.0,,4.0,,,,,16.0,,0.0,,,,
K Ahmed,,,0.0,,,,,,,,,,,,
K Goel,39.0,,,39.0,,,,23.0,51.0,,27.0,,,39.0,
K Gowtham,24.0,,6.0,21.0,,17.0,,24.0,34.0,,,,,14.0,8.0
K Paul,4.0,,,,,,,,5.0,,,,,,13.0
K Rabada,,,,,,11.0,,,54.0,,,,,,5.0
K Upadhyay,,,,,,,,1.0,,,,,,11.0,
KA Pollard,452.0,70.0,21.0,311.0,74.0,422.0,,233.0,,55.0,295.0,50.0,1.0,478.0,322.0
KAJ Roach,,,,,,,,,10.0,,,,,,
KB Arun Karthik,5.0,,,5.0,,6.0,,1.0,31.0,,3.0,,,,0.0
KC Cariappa,,,,1.0,1.0,,,,,,,,,12.0,10.0
KC Sangakkara,131.0,186.0,,239.0,,40.0,65.0,216.0,299.0,146.0,177.0,,,188.0,
KD Karthik,485.0,164.0,54.0,379.0,,503.0,69.0,352.0,302.0,138.0,523.0,32.0,33.0,419.0,235.0
KH Pandya,92.0,,74.0,155.0,53.0,102.0,,108.0,,,13.0,65.0,,92.0,161.0
KJ Abbott,,,,,,,,12.0,,,,,1.0,0.0,
KK Cooper,,,,34.0,,13.0,,5.0,30.0,,,,,8.0,26.0
KK Nair,104.0,,,259.0,51.0,78.0,,171.0,172.0,,34.0,64.0,73.0,218.0,246.0
KL Rahul,205.0,,27.0,148.0,51.0,110.0,,198.0,496.0,,284.0,,45.0,182.0,267.0
KM Jadhav,84.0,0.0,28.0,90.0,69.0,10.0,,115.0,172.0,25.0,89.0,25.0,,187.0,197.0
KMDN Kulasekara,,,,,,5.0,,,,,,,,,
KP Appanna,,1.0,,1.0,,0.0,,,,,,,,,
KP Pietersen,66.0,143.0,,53.0,37.0,188.0,,19.0,190.0,59.0,162.0,,,33.0,51.0
KS Williamson,240.0,,33.0,255.0,6.0,124.0,,169.0,41.0,,126.0,25.0,32.0,268.0,
KV Sharma,64.0,1.0,,35.0,,64.0,,56.0,17.0,7.0,16.0,16.0,,36.0,5.0
KW Richardson,26.0,,,,,,,,9.0,,,,,,1.0
Kamran Akmal,59.0,12.0,,,,39.0,,,18.0,,,,,,
Kamran Khan,,,,,,,,,,,,,,3.0,
Karanveer Singh,2.0,,,,,,,1.0,,,5.0,,,4.0,
Kuldeep Yadav,0.0,,12.0,8.0,,,,,22.0,,,,,4.0,0.0
L Ablish,,,,,,,,,,,,,,0.0,
L Balaji,9.0,15.0,,8.0,,2.0,1.0,0.0,0.0,,,,,1.0,
L Livingstone,,,14.0,,,,,,1.0,,,,,13.0,44.0
L Plunkett,,,,,,0.0,,,,,1.0,,,,
L Ronchi,2.0,13.0,,0.0,,11.0,,,,,,,,8.0,
LA Carseldine,9.0,47.0,,,,16.0,,,,,,,,9.0,
LA Pomersbach,64.0,14.0,,52.0,,,,16.0,88.0,,1.0,,,34.0,33.0
LH Ferguson,,,,,1.0,,,,,,,,,,
LJ Wright,2.0,,,63.0,,34.0,,,,,,,,7.0,
LMP Simmons,281.0,,,116.0,,230.0,,29.0,,,112.0,8.0,8.0,127.0,168.0
LPC Silva,,,,,,23.0,,,17.0,,,,,0.0,
LR Shukla,118.0,26.0,,60.0,,12.0,,10.0,52.0,0.0,88.0,,,18.0,21.0
LRPL Taylor,181.0,64.0,,125.0,,50.0,2.0,169.0,122.0,68.0,106.0,,,111.0,19.0
M Ali,38.0,,33.0,1.0,,4.0,,70.0,64.0,,20.0,,,,81.0
M Ashwin,1.0,,1.0,,,,,,,,,,,1.0,1.0
M Kaif,36.0,51.0,,28.0,,24.0,,70.0,16.0,8.0,22.0,,,4.0,
M Kartik,29.0,10.0,,12.0,,,,0.0,35.0,,8.0,,,17.0,2.0
M Klinger,,,,20.0,,,,29.0,,,,,,24.0,
M Lomror,,,8.0,,,9.0,,,,,,,,,11.0
M Manhas,77.0,63.0,,35.0,,157.0,12.0,1.0,44.0,,79.0,,,43.0,3.0
M Markande,,,,10.0,,8.0,,,,,0.0,,,6.0,7.0
M Morkel,2.0,23.0,,,1.0,33.0,,6.0,33.0,1.0,4.0,,,23.0,0.0
M Muralitharan,,1.0,,3.0,,1.0,,,,,11.0,,,4.0,
M Ntini,,,,,,,,,,,11.0,,,0.0,
M Rawat,8.0,,,9.0,,27.0,,6.0,1.0,,,,,4.0,
M Santner,,,,,,,,,24.0,,11.0,,,,
M Ur Rahman,,,,,,,,,,,1.0,,,0.0,11.0
M Vijay,80.0,91.0,,335.0,97.0,166.0,44.0,256.0,412.0,94.0,366.0,,112.0,394.0,143.0
M Vohra,54.0,,,136.0,40.0,,,242.0,110.0,65.0,28.0,14.0,51.0,72.0,204.0
M Wood,,,,,,,,,3.0,,,,,,
M de Lange,,,,1.0,,,,,,,,,,,
MA Agarwal,174.0,35.0,8.0,64.0,,136.0,33.0,157.0,178.0,9.0,165.0,,,131.0,186.0
MA Khote,9.0,7.0,,,,8.0,,,,,,,,,
MA Starc,13.0,,,,,37.0,,12.0,5.0,,18.0,,,,11.0
MC Henriques,31.0,17.0,,187.0,81.0,95.0,,120.0,76.0,27.0,51.0,59.0,11.0,163.0,51.0
MC Juneja,2.0,,,,,14.0,,8.0,49.0,,20.0,,,17.0,15.0
MD Mishra,34.0,,,33.0,,20.0,37.0,29.0,30.0,,,,,54.0,
MDKJ Perera,,,,14.0,,,,,,0.0,,,,,
MEK Hussey,40.0,54.0,,235.0,,251.0,40.0,281.0,258.0,75.0,350.0,,,281.0,112.0
MF Maharoof,,19.0,,,,22.0,,12.0,48.0,,45.0,,,31.0,
MG Johnson,20.0,,,23.0,,,,35.0,12.0,,26.0,13.0,,26.0,13.0
MJ Clarke,,41.0,,,,,,14.0,14.0,,16.0,,,13.0,
MJ Guptill,,,36.0,98.0,9.0,,,12.0,52.0,,,0.0,,39.0,25.0
MJ Lumb,67.0,60.0,,0.0,,124.0,,0.0,8.0,,,,,19.0,
MJ McClenaghan,0.0,,10.0,1.0,1.0,19.0,,20.0,,,0.0,12.0,2.0,15.0,11.0
MK Pandey,251.0,212.0,43.0,333.0,25.0,529.0,,140.0,549.0,,216.0,37.0,15.0,217.0,305.0
MK Tiwary,175.0,102.0,,178.0,31.0,262.0,47.0,83.0,308.0,53.0,206.0,,,202.0,50.0
ML Hayden,,136.0,,181.0,,152.0,,71.0,257.0,,102.0,,,208.0,
MM Patel,0.0,5.0,,24.0,,0.0,,9.0,0.0,1.0,,,,0.0,0.0
MM Sharma,2.0,,,30.0,5.0,1.0,,16.0,24.0,,,6.0,,28.0,12.0
MN Samuels,34.0,4.0,,,1.0,51.0,,,5.0,,,27.0,,34.0,5.0
MN van Wyk,,,,74.0,,18.0,,,32.0,,,,,43.0,
MP Stoinis,14.0,,48.0,75.0,67.0,76.0,,56.0,32.0,,66.0,,,48.0,
MR Marsh,13.0,37.0,,13.0,7.0,32.0,,5.0,38.0,,35.0,,,24.0,21.0
MS Bisla,232.0,29.0,,10.0,,89.0,16.0,40.0,49.0,13.0,127.0,,,150.0,43.0
MS Dhoni,,281.0,89.0,488.0,83.0,601.0,23.0,474.0,669.0,135.0,428.0,,,808.0,398.0
MS Gony,4.0,15.0,,19.0,,9.0,0.0,42.0,0.0,,6.0,,,4.0,
MS Wade,,,,,,,,,,14.0,,,,8.0,
MV Boucher,37.0,21.0,,79.0,,41.0,5.0,95.0,105.0,,10.0,,,1.0,
Mandeep Singh,169.0,110.0,60.0,99.0,8.0,121.0,15.0,329.0,121.0,148.0,180.0,0.0,,123.0,64.0
Mashrafe Mortaza,,2.0,,,,,,,,,,,,,
Misbah-ul-Haq,4.0,37.0,,47.0,,29.0,,,0.0,,0.0,,,,
Mohammad Ashraful,,,,2.0,,,,,,,,,,,
Mohammad Asif,,,,,,,,,0.0,,3.0,,,,
Mohammad Hafeez,22.0,13.0,,,,13.0,,,7.0,,4.0,,,5.0,
Mohammad Nabi,,,38.0,,,41.0,,,63.0,,,,,4.0,
Mohammed Shami,1.0,,0.0,,4.0,3.0,,7.0,7.0,,5.0,2.0,2.0,22.0,1.0
Mohammed Siraj,4.0,,2.0,,,,,,8.0,,15.0,,,,5.0
Mustafizur Rahman,,,,,,,,,,,,,,,1.0
N Naik,,,8.0,,,,,,,,,,,,
N Pooran,41.0,,,,,,,49.0,,,20.0,,,46.0,21.0
N Rana,38.0,,13.0,76.0,142.0,178.0,,50.0,78.0,,87.0,37.0,,222.0,183.0
N Saini,9.0,5.0,,15.0,,,,,47.0,,3.0,,,64.0,
ND Doshi,,,,,,,0.0,,,,,,,,
NJ Maddinson,4.0,,,4.0,,,,,12.0,,,,,,
NJ Rimmington,,,,,,,,,,1.0,,,,,
NL McCullum,15.0,,,,,,,,,,11.0,,,,
NLTC Perera,23.0,22.0,,19.0,3.0,90.0,,74.0,14.0,32.0,33.0,,,97.0,17.0
NM Coulter-Nile,5.0,,,,,9.0,,9.0,9.0,,6.0,6.0,2.0,6.0,
NS Naik,,,,,,,,,1.0,,,,,,22.0
NV Ojha,277.0,105.0,,108.0,19.0,356.0,13.0,259.0,96.0,30.0,72.0,9.0,25.0,184.0,2.0
Niraj Patel,2.0,,,4.0,,57.0,,14.0,40.0,,,,,4.0,
OA Shah,60.0,98.0,,2.0,,37.0,,78.0,135.0,4.0,19.0,,,73.0,
P Awana,1.0,,,4.0,,,,,0.0,,0.0,,,,0.0
P Chopra,8.0,,,,,,,,,,,,,,
P Dogra,5.0,,,49.0,,1.0,,20.0,41.0,,,,,6.0,5.0
P Krishna,0.0,,,,,,,,1.0,,,,,,
P Kumar,49.0,24.0,,20.0,,42.0,,40.0,41.0,7.0,81.0,,,17.0,19.0
P Negi,13.0,,0.0,28.0,35.0,29.0,,59.0,100.0,8.0,10.0,13.0,19.0,37.0,15.0
P Parameswaran,,0.0,,,,,,,,,,,,1.0,
P R Barman,,,,,,,,,,,,,,,20.0
P Raj,,,,,,,,,,,,,,,0.0
P Sahu,,,,18.0,,,,1.0,,,,,,,
P Shaw,65.0,,,,,35.0,,176.0,40.0,,98.0,,,53.0,149.0
PA Patel,334.0,24.0,50.0,310.0,104.0,589.0,,340.0,213.0,76.0,315.0,108.0,21.0,210.0,180.0
PA Reddy,,,,1.0,,43.0,,,7.0,27.0,44.0,,,42.0,
PC Valthaty,120.0,80.0,,79.0,,,17.0,20.0,47.0,30.0,59.0,,,47.0,6.0
PD Collingwood,,51.0,,,,4.0,,55.0,2.0,,16.0,,,75.0,
PJ Cummins,0.0,,,,24.0,12.0,,3.0,14.0,,,11.0,,13.0,
PJ Sangwan,0.0,0.0,,1.0,,5.0,,0.0,12.0,,1.0,1.0,,4.0,1.0
PM Sarvesh Kumar,,,,1.0,,,,,,,,,,,
PP Chawla,59.0,55.0,26.0,54.0,11.0,55.0,,57.0,59.0,52.0,81.0,,8.0,21.0,49.0
PP Ojha,4.0,,,6.0,,,,,2.0,1.0,2.0,,,1.0,
PR Shah,,40.0,,23.0,,5.0,5.0,,,,,,,19.0,
PSP Handscomb,,,,,,,,,6.0,,,,,,
PV Tambe,3.0,,,,,,,,,,,,,9.0,6.0
Pankaj Singh,,4.0,,1.0,,1.0,,,1.0,,,,,,
Parvez Rasool,2.0,,,,,,,1.0,4.0,,,,,,10.0
Q de Kock,146.0,,65.0,18.0,51.0,246.0,,94.0,94.0,2.0,219.0,,2.0,307.0,245.0
R Ashwin,15.0,11.0,19.0,36.0,,40.0,,68.0,41.0,11.0,40.0,,,68.0,33.0
R Bhatia,55.0,4.0,,66.0,0.0,37.0,11.0,9.0,50.0,24.0,20.0,,,58.0,8.0
R Bhui,0.0,,8.0,,,,,,,,,,,,
R Bishnoi,0.0,1.0,,,,18.0,,,,,,,,,
R Dhawan,28.0,,,8.0,,14.0,,37.0,20.0,,4.0,,11.0,24.0,7.0
R Dravid,277.0,339.0,,353.0,,200.0,45.0,204.0,195.0,165.0,146.0,,,177.0,73.0
R McLaren,2.0,22.0,,,,0.0,,0.0,1.0,51.0,13.0,,,70.0,
R Ninan,,3.0,,,,,,,,,,,,,
R Parag,16.0,,59.0,,,,,50.0,44.0,,,,,,
R Rampaul,0.0,,,12.0,,,,0.0,23.0,0.0,16.0,,,,
R Salam,,,5.0,,,,,,,,,,,,
R Sathish,17.0,3.0,,28.0,,37.0,,32.0,,,29.0,,10.0,81.0,33.0
R Sharma,1.0,,,14.0,,3.0,10.0,,28.0,,10.0,,,0.0,0.0
R Shukla,,,,1.0,,,,,,,14.0,,,2.0,2.0
R Singh,24.0,,,,,,,,9.0,,3.0,,,7.0,30.0
R Tewatia,15.0,,,,,53.0,,16.0,9.0,,,4.0,,16.0,6.0
R Vinay Kumar,17.0,37.0,,35.0,1.0,3.0,,50.0,75.0,1.0,59.0,,12.0,14.0,7.0
RA Jadeja,99.0,107.0,25.0,276.0,,276.0,,321.0,246.0,125.0,118.0,19.0,4.0,213.0,122.0
RA Tripathi,58.0,,,42.0,39.0,93.0,,199.0,59.0,,,,,200.0,81.0
RD Chahar,0.0,,,,3.0,1.0,,1.0,,,,,,,10.0
RE Levi,50.0,3.0,,1.0,,,,,,0.0,29.0,,,,
RE van der Merwe,19.0,55.0,,,,43.0,4.0,10.0,11.0,,17.0,,,,
RG More,,,,,,,,2.0,,,,,,,
RG Sharma,710.0,175.0,45.0,703.0,82.0,590.0,,827.0,103.0,135.0,455.0,86.0,92.0,693.0,218.0
RJ Harris,16.0,0.0,,18.0,,2.0,,,25.0,4.0,6.0,,,46.0,
RJ Peterson,0.0,1.0,,2.0,,16.0,,,,13.0,,,,,
RJ Quiney,28.0,,,10.0,,7.0,,7.0,51.0,,,,,,
RN ten Doeschate,38.0,,,22.0,,32.0,,,88.0,73.0,7.0,,,32.0,34.0
RP Singh,14.0,0.0,,6.0,,6.0,,10.0,8.0,0.0,7.0,,,1.0,
RR Bhatkal,0.0,,,,,,,,,,,,,,
RR Pant,193.0,,,,190.0,104.0,,163.0,226.0,,228.0,67.0,6.0,282.0,333.0
RR Powar,37.0,,,3.0,,,,3.0,10.0,,6.0,,,8.0,
RR Raje,,12.0,,7.0,,,,,,,1.0,,,,
RR Rossouw,15.0,,,,,,,,24.0,,,,,,14.0
RR Sarwan,20.0,15.0,,,,,,,7.0,,,,,31.0,
RS Bopara,23.0,38.0,,136.0,,0.0,,17.0,30.0,,84.0,,,203.0,
RS Gavaskar,2.0,,,,,,,,,,,,,,
RS Sodhi,,,,,,,,,4.0,,,,,,
RT Ponting,6.0,0.0,,0.0,,,,,19.0,14.0,4.0,,,48.0,
RV Gomez,,0.0,,4.0,,2.0,,11.0,,26.0,0.0,,,7.0,
RV Uthappa,542.0,138.0,42.0,587.0,111.0,722.0,31.0,216.0,555.0,,390.0,87.0,4.0,548.0,473.0
Rashid Khan,17.0,,0.0,,,7.0,,35.0,8.0,,36.0,3.0,,3.0,
S Anirudha,,28.0,,,,1.0,,67.0,15.0,7.0,18.0,,,,
S Aravind,0.0,2.0,,,9.0,15.0,,5.0,,,14.0,14.0,,,0.0
S Badree,,,,,3.0,8.0,,0.0,,,,2.0,,,
S Badrinath,,87.0,,185.0,,245.0,32.0,103.0,321.0,199.0,154.0,,,115.0,
S Chanderpaul,,,,,,,,7.0,16.0,,2.0,,,,
S Curran,6.0,,20.0,,,,,55.0,8.0,,,,,1.0,5.0
S Dhawan,651.0,118.0,,525.0,127.0,638.0,4.0,660.0,673.0,81.0,496.0,49.0,89.0,483.0,38.0
S Dube,2.0,,24.0,,,,,,9.0,,,,,,5.0
S Gill,82.0,,71.0,48.0,,99.0,,,93.0,,53.0,,,17.0,54.0
S Gopal,28.0,,12.0,11.0,,25.0,,18.0,13.0,,1.0,,2.0,,21.0
S Hetmyer,0.0,,,,,,,,5.0,,1.0,,,,87.0
S Kaul,7.0,,,,,,,,2.0,,2.0,0.0,,1.0,
S Kaushik,,,,,,,,,,,,,,0.0,
S Ladda,,0.0,,,,,,,0.0,,,,,,
S Lamichhane,,,,,,0.0,,,,,,,,,
S Mavi,,,,0.0,,,,,,,,,,,13.0
S Nadeem,5.0,,,,,3.0,,10.0,3.0,6.0,1.0,,,4.0,0.0
S Narwal,2.0,,,35.0,,,,,,,,,,0.0,
S Rana,6.0,,,15.0,,18.0,,37.0,,,3.0,,,,12.0
S Randiv,,,,,,,,,2.0,,,,,,
S Rutherford,16.0,,,,,2.0,,,,,23.0,,,32.0,9.0
S Sharma,,,3.0,,,,,,5.0,,,,,,
S Singh,,,,,,,,,,,,,,,17.0
S Sohal,61.0,39.0,,65.0,,7.0,1.0,51.0,68.0,34.0,4.0,,,38.0,
S Sreesanth,0.0,12.0,,15.0,,,,1.0,1.0,1.0,4.0,,,0.0,
S Sriram,,,,,,4.0,,27.0,,,,,,,
S Tyagi,,3.0,,,,,,,,,,,,,
S Vidyut,,,,94.0,,14.0,,,16.0,,21.0,,,0.0,
SA Abbott,,,,,,,,1.0,,,,,,,14.0
SA Asnodkar,137.0,44.0,,55.0,,12.0,,69.0,56.0,,,,,50.0,
SA Yadav,26.0,,,67.0,22.0,102.0,,,143.0,0.0,40.0,30.0,60.0,65.0,53.0
SB Bangar,,,,8.0,,3.0,,16.0,,,5.0,,,17.0,
SB Jakati,,,,14.0,,,,,6.0,,,,,8.0,
SB Joshi,,,,,,,,3.0,,,3.0,,,,
SB Styris,56.0,,,29.0,,1.0,,16.0,,,13.0,,,16.0,
SB Wagh,,,,,,,,,2.0,,,,,,
SC Ganguly,79.0,327.0,,154.0,,235.0,,59.0,145.0,,253.0,,,97.0,
SD Chitnis,11.0,17.0,,41.0,,15.0,,,6.0,9.0,,,,,
SD Lad,,,,,,15.0,,,,,,,,,
SE Bond,1.0,,,,,,,,,,,,,,
SE Marsh,296.0,190.0,,219.0,89.0,,42.0,186.0,526.0,97.0,421.0,10.0,4.0,266.0,143.0
SJ Srivastava,,,,,,,,,4.0,1.0,0.0,,,,
SK Raina,,310.0,105.0,507.0,,828.0,69.0,820.0,824.0,127.0,620.0,43.0,58.0,663.0,441.0
SK Trivedi,2.0,10.0,,17.0,,,,4.0,6.0,,,,,3.0,0.0
SK Warne,33.0,44.0,,31.0,,39.0,2.0,34.0,8.0,,,,,7.0,
SL Malinga,18.0,,,17.0,0.0,1.0,,8.0,,19.0,9.0,7.0,,9.0,
SM Harwood,6.0,3.0,,,,,,,,,,,,,
SM Katich,79.0,20.0,,95.0,,,,34.0,0.0,,10.0,,,3.0,
SM Pollock,17.0,31.0,,49.0,,22.0,,,,,0.0,,,28.0,
SMSM Senanayake,7.0,,,,,1.0,,,,2.0,,,,,
SN Khan,120.0,,39.0,14.0,,15.0,,20.0,33.0,,100.0,,2.0,15.0,58.0
SN Thakur,,,,7.0,0.0,,,,14.0,,,,,0.0,15.0
SP Fleming,,28.0,,57.0,,1.0,,32.0,26.0,,7.0,,,45.0,
SP Goswami,28.0,3.0,,92.0,,10.0,,140.0,21.0,6.0,,,,1.0,
SP Jackson,,,,12.0,,,,,,,,10.0,,,16.0
SP Narine,72.0,,,36.0,44.0,167.0,,,32.0,,127.0,16.0,,204.0,105.0
SPD Smith,225.0,73.0,51.0,99.0,153.0,212.0,,227.0,412.0,,55.0,,,291.0,249.0
SR Tendulkar,368.0,230.0,,294.0,,270.0,100.0,326.0,,152.0,273.0,,,269.0,52.0
SR Watson,480.0,80.0,101.0,389.0,7.0,372.0,69.0,445.0,467.0,165.0,162.0,14.0,37.0,295.0,531.0
SS Iyer,187.0,,,,110.0,253.0,,300.0,182.0,,118.0,3.0,8.0,264.0,289.0
SS Shaikh,,,,,,,,,,,6.0,,,,
SS Tiwary,102.0,88.0,,148.0,1.0,104.0,26.0,208.0,136.0,140.0,146.0,,,142.0,35.0
ST Jayasuriya,190.0,60.0,,107.0,,25.0,,124.0,,,96.0,,,166.0,
STR Binny,173.0,7.0,20.0,73.0,21.0,136.0,,73.0,123.0,39.0,,19.0,,80.0,118.0
SV Samson,80.0,,6.0,125.0,91.0,382.0,,325.0,400.0,10.0,,104.0,30.0,248.0,434.0
SW Billings,,,,1.0,,70.0,,133.0,3.0,,31.0,24.0,24.0,38.0,14.0
SW Tait,1.0,,,11.0,,,10.0,0.0,,,,,,1.0,
Sachin Baby,,,,12.0,0.0,33.0,,16.0,25.0,,,2.0,,,49.0
Salman Butt,73.0,4.0,,48.0,,24.0,,,13.0,,31.0,,,,
Sandeep Sharma,1.0,,,3.0,1.0,,,3.0,0.0,,,,,12.0,6.0
Shahid Afridi,21.0,,,35.0,,13.0,,,0.0,,11.0,,,1.0,
Shakib Al Hasan,124.0,,,31.0,70.0,105.0,2.0,65.0,93.0,42.0,97.0,,3.0,119.0,8.0
Shivam Sharma,,,,,,,,,1.0,,,,,4.0,
Shoaib Ahmed,1.0,,,0.0,,,,,,,,,,,
Shoaib Akhtar,,,,,,,,,2.0,,,,,,
Shoaib Malik,2.0,,,,,20.0,,,24.0,,,,,6.0,
Sohail Tanvir,9.0,,,5.0,,,,16.0,6.0,,,,,,
Sunny Gupta,0.0,,,,,,,,,,,,,,
Sunny Singh,20.0,,,2.0,,,,,,12.0,5.0,,,4.0,
Swapnil Singh,,,,,,,,2.0,,,,10.0,,,
T Curran,3.0,,,2.0,,1.0,,,18.0,,,,,,
T Henderson,,,,,,,,0.0,,,,,,11.0,
T Kohli,3.0,,,7.0,,,,1.0,,,,,,,
T Taibu,,9.0,,7.0,,,,,,,,,,15.0,
T Thushara,,8.0,,,,1.0,,,1.0,,2.0,,,,
TA Boult,7.0,,,,,,,0.0,5.0,,,,,,
TD Paine,,,,,,,,,2.0,,,,,8.0,
TG Southee,40.0,,9.0,8.0,25.0,1.0,,,7.0,,14.0,7.0,,,4.0
TL Suman,86.0,19.0,,84.0,,106.0,,59.0,69.0,36.0,94.0,,,111.0,12.0
TM Dilshan,79.0,263.0,,10.0,,34.0,53.0,107.0,196.0,105.0,230.0,,,71.0,5.0
TM Head,,,,2.0,30.0,11.0,,75.0,49.0,,,2.0,6.0,,30.0
TM Srivastava,,,,7.0,,,,1.0,,,,,,0.0,
TR Birt,,4.0,,,,16.0,47.0,8.0,,,,,,,
TS Mills,,,,0.0,,,,2.0,,,,,,,6.0
U Kaul,0.0,,,,,,,,,,,,,,
UA Birla,,,,,,,,7.0,,,,,,,
UBT Chand,16.0,,,14.0,,25.0,,37.0,2.0,17.0,50.0,,,117.0,22.0
UT Khawaja,,,,49.0,,30.0,,21.0,,,,,,16.0,11.0
UT Yadav,18.0,3.0,,2.0,,2.0,,2.0,21.0,8.0,24.0,2.0,7.0,6.0,32.0
Umar Gul,,,,,,24.0,,,,,9.0,,,6.0,
V Kohli,749.0,306.0,66.0,763.0,283.0,636.0,50.0,675.0,628.0,128.0,370.0,83.0,188.0,,509.0
V Pratap Singh,,,,,,,,,0.0,,,,,,
V Sehwag,405.0,317.0,,80.0,,250.0,95.0,305.0,431.0,220.0,316.0,,,255.0,54.0
V Shankar,130.0,,45.0,,63.0,47.0,,65.0,79.0,,64.0,,,58.0,23.0
VH Zol,13.0,,,,,,,,,,16.0,,,,
VR Aaron,0.0,,3.0,,,28.0,,5.0,7.0,,,,,0.0,6.0
VRV Singh,0.0,,,,,,,,4.0,,,,,,
VS Malik,,,,,,1.0,,,6.0,,,,,,
VS Yeligati,,,,,,2.0,,,,,,,,,
VVS Laxman,16.0,,,2.0,,58.0,,32.0,41.0,0.0,40.0,,,93.0,
VY Mahesh,,,,,,6.0,,3.0,3.0,,3.0,,,,
Vishnu Vinod,,,,12.0,,7.0,,,,,,,,,
W Jaffer,50.0,49.0,,10.0,,0.0,,6.0,7.0,,8.0,,,,
WA Mota,30.0,15.0,,,,,,,9.0,,2.0,,,,
WD Parnell,,16.0,,10.0,,2.0,1.0,10.0,22.0,,2.0,,,,
WP Saha,131.0,27.0,8.0,143.0,63.0,142.0,46.0,424.0,291.0,13.0,91.0,27.0,7.0,237.0,130.0
WPUJC Vaas,,,,28.0,,16.0,,9.0,,,28.0,,,0.0,
Washington Sundar,13.0,,1.0,5.0,,9.0,,1.0,11.0,,37.0,,,,2.0
X Thalaivan Sargunam,10.0,,,,,,,,,,,,,,
Y Gnaneswara Rao,19.0,,,,,,,,,,,,,,
Y Nagar,45.0,54.0,,,,21.0,40.0,29.0,0.0,24.0,36.0,,,36.0,
Y Venugopal Rao,132.0,24.0,,66.0,,118.0,41.0,151.0,164.0,31.0,113.0,,,145.0,
YA Abdulla,,,,0.0,,,,,,,,,,,
YK Pathan,351.0,312.0,9.0,430.0,110.0,320.0,25.0,221.0,478.0,130.0,134.0,4.0,73.0,358.0,286.0
YS Chahal,4.0,,1.0,,1.0,5.0,,0.0,,,1.0,5.0,,,5.0
YV Takawale,19.0,5.0,,14.0,,0.0,,85.0,,,69.0,,,,
Yashpal Singh,,,,13.0,,,,,8.0,,26.0,,,,
Younis Khan,,,,,,3.0,,,,,,,,,
Yuvraj Singh,345.0,118.0,59.0,459.0,13.0,260.0,8.0,386.0,275.0,,384.0,47.0,23.0,340.0,48.0
Z Khan,39.0,4.0,,4.0,,1.0,,20.0,5.0,,18.0,,,25.0,1.0
